Arrival_or_Departure,Date_End_of_Quater,Year_Text,No_of_Visitors_to_Kenya,Visitors_by_Purpose,Period_Quater,Results_Status,OBJECTID
Arrivals,03/31/2005 12:00:00 AM,2005,264600,Visitors on Holiday,Q1,Actual,0
Arrivals,06/30/1991 12:00:00 AM,1991,149400,Visitors on Holiday,Q2,Actual,1
Arrivals,09/30/1991 12:00:00 AM,1991,215900,Visitors on Holiday,Q3,Actual,2
Arrivals,12/31/1991 12:00:00 AM,1991,158400,Visitors on Holiday,Q4,Actual,3
Arrivals,03/31/1992 12:00:00 AM,1992,155400,Visitors on Holiday,Q1,Actual,4
Arrivals,06/30/1992 12:00:00 AM,1992,136200,Visitors on Holiday,Q2,Actual,5
Arrivals,09/30/1992 12:00:00 AM,1992,211100,Visitors on Holiday,Q3,Actual,6
Arrivals,12/31/1992 12:00:00 AM,1992,104000,Visitors on Holiday,Q4,Actual,7
Arrivals,03/31/1993 12:00:00 AM,1993,69300,Visitors on Holiday,Q1,Actual,8
Arrivals,06/30/1993 12:00:00 AM,1993,211800,Visitors on Holiday,Q2,Actual,9
Arrivals,09/30/1993 12:00:00 AM,1993,208700,Visitors on Holiday,Q3,Actual,10
Arrivals,12/31/1993 12:00:00 AM,1993,190000,Visitors on Holiday,Q4,Actual,11
Arrivals,03/31/1994 12:00:00 AM,1994,145400,Visitors on Holiday,Q1,Actual,12
Arrivals,06/30/1994 12:00:00 AM,1994,192400,Visitors on Holiday,Q2,Actual,13
Arrivals,09/30/1994 12:00:00 AM,1994,189300,Visitors on Holiday,Q3,Actual,14
Arrivals,12/31/1994 12:00:00 AM,1994,151800,Visitors on Holiday,Q4,Actual,15
Arrivals,03/31/1995 12:00:00 AM,1995,212900,Visitors on Holiday,Q1,Actual,16
Arrivals,06/30/1995 12:00:00 AM,1995,182100,Visitors on Holiday,Q2,Actual,17
Arrivals,09/30/1995 12:00:00 AM,1995,199600,Visitors on Holiday,Q3,Actual,18
Arrivals,12/31/1995 12:00:00 AM,1995,201700,Visitors on Holiday,Q4,Actual,19
Arrivals,03/31/1996 12:00:00 AM,1996,213800,Visitors on Holiday,Q1,Actual,20
Arrivals,06/30/1996 12:00:00 AM,1996,175300,Visitors on Holiday,Q2,Actual,21
Arrivals,09/30/1996 12:00:00 AM,1996,212100,Visitors on Holiday,Q3,Actual,22
Arrivals,12/31/1996 12:00:00 AM,1996,219600,Visitors on Holiday,Q4,Actual,23
Arrivals,03/31/1997 12:00:00 AM,1997,233600,Visitors on Holiday,Q1,Actual,24
Arrivals,06/30/1997 12:00:00 AM,1997,176400,Visitors on Holiday,Q2,Actual,25
Arrivals,09/30/1997 12:00:00 AM,1997,210000,Visitors on Holiday,Q3,Actual,26
Arrivals,12/31/1997 12:00:00 AM,1997,168600,Visitors on Holiday,Q4,Actual,27
Arrivals,03/31/1998 12:00:00 AM,1998,192900,Visitors on Holiday,Q1,Actual,28
Arrivals,06/30/1998 12:00:00 AM,1998,149600,Visitors on Holiday,Q2,Actual,29
Arrivals,09/30/1998 12:00:00 AM,1998,175800,Visitors on Holiday,Q3,Actual,30
Arrivals,12/31/1998 12:00:00 AM,1998,168600,Visitors on Holiday,Q4,Actual,31
Arrivals,03/31/1999 12:00:00 AM,1999,193800,Visitors on Holiday,Q1,Actual,32
Arrivals,06/30/1999 12:00:00 AM,1999,163700,Visitors on Holiday,Q2,Actual,33
Arrivals,09/30/1999 12:00:00 AM,1999,207700,Visitors on Holiday,Q3,Actual,34
Arrivals,12/31/1999 12:00:00 AM,1999,181700,Visitors on Holiday,Q4,Actual,35
Arrivals,03/31/2000 12:00:00 AM,2000,194500,Visitors on Holiday,Q1,Actual,36
Arrivals,06/30/2000 12:00:00 AM,2000,165500,Visitors on Holiday,Q2,Actual,37
Arrivals,09/30/2000 12:00:00 AM,2000,211100,Visitors on Holiday,Q3,Actual,38
Arrivals,12/31/2000 12:00:00 AM,2000,207100,Visitors on Holiday,Q4,Actual,39
Arrivals,03/31/2001 12:00:00 AM,2001,200300,Visitors on Holiday,Q1,Actual,40
Arrivals,06/30/2001 12:00:00 AM,2001,149600,Visitors on Holiday,Q2,Actual,41
Arrivals,10/01/2000 12:00:00 AM,2001,184700,Visitors on Holiday,Q3,Actual,42
Arrivals,12/31/2001 12:00:00 AM,2001,194200,Visitors on Holiday,Q4,Actual,43
Arrivals,03/31/2002 12:00:00 AM,2002,176000,Visitors on Holiday,Q1,Actual,44
Arrivals,06/30/2002 12:00:00 AM,2002,158500,Visitors on Holiday,Q2,Actual,45
Arrivals,10/02/2000 12:00:00 AM,2002,194100,Visitors on Holiday,Q3,Actual,46
Arrivals,12/31/2002 12:00:00 AM,2002,204000,Visitors on Holiday,Q4,Actual,47
Arrivals,03/31/2003 12:00:00 AM,2003,206700,Visitors on Holiday,Q1,Actual,48
Arrivals,06/30/2003 12:00:00 AM,2003,112500,Visitors on Holiday,Q2,Actual,49
Arrivals,10/03/2000 12:00:00 AM,2003,183900,Visitors on Holiday,Q3,Actual,50
Arrivals,12/31/2003 12:00:00 AM,2003,180900,Visitors on Holiday,Q4,Actual,51
Arrivals,03/31/1991 12:00:00 AM,1991,149600,Visitors on Holiday,Q1,Actual,52
Arrivals,06/30/2005 12:00:00 AM,2005,213400,Visitors on Holiday,Q2,Actual,53
Arrivals,10/05/2000 12:00:00 AM,2005,288600,Visitors on Holiday,Q3,Actual,54
Arrivals,12/31/2005 12:00:00 AM,2005,2966000,Visitors on Holiday,Q4,Actual,55
Arrivals,03/31/2006 12:00:00 AM,2006,2756000,Visitors on Holiday,Q1,Actual,56
Arrivals,06/30/2006 12:00:00 AM,2006,219200,Visitors on Holiday,Q2,Actual,57
Arrivals,10/06/2000 12:00:00 AM,2006,289200,Visitors on Holiday,Q3,Actual,58
Arrivals,12/31/2006 12:00:00 AM,2006,303200,Visitors on Holiday,Q4,Actual,59
Arrivals,03/31/2007 12:00:00 AM,2007,298400,Visitors on Holiday,Q1,Actual,60
Arrivals,06/30/2007 12:00:00 AM,2007,263000,Visitors on Holiday,Q2,Actual,61
Arrivals,10/07/2000 12:00:00 AM,2007,380600,Visitors on Holiday,Q3,Actual,62
Arrivals,12/31/2007 12:00:00 AM,2007,336500,Visitors on Holiday,Q4,Actual,63
Arrivals,03/31/2008 12:00:00 AM,2008,201600,Visitors on Holiday,Q1,Actual,64
Arrivals,06/30/2008 12:00:00 AM,2008,205600,Visitors on Holiday,Q2,Actual,65
Arrivals,10/08/2000 12:00:00 AM,2008,243700,Visitors on Holiday,Q3,Actual,66
Arrivals,12/31/2008 12:00:00 AM,2008,285200,Visitors on Holiday,Q4,Actual,67
Arrivals,03/31/2009 12:00:00 AM,2009,258700,Visitors on Holiday,Q1,Actual,68
Arrivals,06/30/2009 12:00:00 AM,2009,217500,Visitors on Holiday,Q2,Actual,69
Arrivals,10/09/2000 12:00:00 AM,2009,282000,Visitors on Holiday,Q3,Actual,70
Arrivals,12/31/2009 12:00:00 AM,2009,306700,Visitors on Holiday,Q4,Actual,71
Arrivals,03/31/2010 12:00:00 AM,2010,261200,Visitors on Holiday,Q1,Actual,72
Arrivals,06/30/2010 12:00:00 AM,2010,228700,Visitors on Holiday,Q2,Actual,73
Arrivals,09/30/2010 12:00:00 AM,2010,302600,Visitors on Holiday,Q3,Actual,74
Arrivals,12/31/2010 12:00:00 AM,2010,308200,Visitors on Holiday,Q4,Actual,75
Arrivals,03/31/2011 12:00:00 AM,2011,302800,Visitors on Holiday,Q1,Actual,76
Arrivals,06/30/2011 12:00:00 AM,2011,235500,Visitors on Holiday,Q2,Actual,77
Arrivals,09/30/2011 12:00:00 AM,2011,411900,Visitors on Holiday,Q3,Actual,78
Arrivals,12/31/2011 12:00:00 AM,2011,369700,Visitors on Holiday,Q4,Actual,79
Arrivals,03/31/2012 12:00:00 AM,2012,317000,Visitors on Holiday,Q1,Actual,80
Arrivals,06/30/2012 12:00:00 AM,2012,240100,Visitors on Holiday,Q2,Actual,81
Arrivals,09/30/2012 12:00:00 AM,2012,323600,Visitors on Holiday,Q3,Actual,82
Arrivals,12/31/2012 12:00:00 AM,2012,338500,Visitors on Holiday,Q4,Actual,83
Arrivals,03/31/2013 12:00:00 AM,2013,257600,Visitors on Holiday,Q1,Actual,84
Arrivals,06/30/2013 12:00:00 AM,2013,222000,Visitors on Holiday,Q2,Actual,85
Arrivals,09/30/2013 12:00:00 AM,2013,284200,Visitors on Holiday,Q3,Actual,86
Arrivals,12/31/2013 12:00:00 AM,2013,340100,Visitors on Holiday,Q4,Actual,87
Arrivals,03/31/1995 12:00:00 AM,1995*,109600,Visitors on Holiday,Q1,Preliminary ,88
Arrivals,06/30/1995 12:00:00 AM,1995*,138300,Visitors on Holiday,Q2,Preliminary ,89
Arrivals,09/30/1995 12:00:00 AM,1995*,150300,Visitors on Holiday,Q3,Preliminary ,90
Arrivals,12/31/1995 12:00:00 AM,1995*,139200,Visitors on Holiday,Q4,Preliminary ,91
Arrivals,03/31/1999 12:00:00 AM,1999*,193800,Visitors on Holiday,Q1,Preliminary ,92
Arrivals,06/30/1999 12:00:00 AM,1999*,163700,Visitors on Holiday,Q2,Preliminary ,93
Arrivals,09/30/1999 12:00:00 AM,1999*,207700,Visitors on Holiday,Q3,Preliminary ,94
Arrivals,12/31/1999 12:00:00 AM,1999*,181700,Visitors on Holiday,Q4,Preliminary ,95
Arrivals,03/31/2004 12:00:00 AM,2004',209400,Visitors on Holiday,Q1,Preliminary ,96
Arrivals,06/30/2004 12:00:00 AM,2004',178500,Visitors on Holiday,Q2,Preliminary ,97
Arrivals,10/04/2000 12:00:00 AM,2004',239300,Visitors on Holiday,Q3,Preliminary ,98
Arrivals,12/31/2004 12:00:00 AM,2004*,258400,Visitors on Holiday,Q4,Preliminary ,99
Arrivals,03/31/2009 12:00:00 AM,2009*,248600,Visitors on Holiday,Q1,Preliminary ,100
Arrivals,06/30/2009 12:00:00 AM,2009*,211600,Visitors on Holiday,Q2,Preliminary ,101
Arrivals,10/09/2000 12:00:00 AM,2009*,294700,Visitors on Holiday,Q3,Preliminary ,102
Arrivals,12/31/2009 12:00:00 AM,2009*,306300,Visitors on Holiday,Q4,Preliminary ,103
Arrivals,03/31/2014 12:00:00 AM,2014*,266200,Visitors on Holiday,Q1,Preliminary ,104
Arrivals,06/30/2014 12:00:00 AM,2014*,207000,Visitors on Holiday,Q2,Preliminary ,105
Arrivals,09/30/2014 12:00:00 AM,2014*,267900,Visitors on Holiday,Q3,Preliminary ,106
Arrivals,12/31/2014 12:00:00 AM,2014*,235700,Visitors on Holiday,Q4,Preliminary ,107
Departures,12/31/1995 12:00:00 AM,1995*,113000,Visitors on Holiday,Q4,Preliminary ,108
Departures,12/31/1995 12:00:00 AM,1995,196400,Visitors on Holiday,Q4,Actual,109
Departures,12/31/1996 12:00:00 AM,1996,206000,Visitors on Holiday,Q4,Actual,110
Departures,12/31/1997 12:00:00 AM,1997,168600,Visitors on Holiday,Q4,Actual,111
Departures,12/31/1998 12:00:00 AM,1998,172200,Visitors on Holiday,Q4,Actual,112
Departures,12/31/1999 12:00:00 AM,1999*,182000,Visitors on Holiday,Q4,Preliminary ,113
Departures,12/31/2000 12:00:00 AM,2000,207100,Visitors on Holiday,Q4,Actual,114
Departures,12/31/2001 12:00:00 AM,2001,194200,Visitors on Holiday,Q4,Actual,115
Departures,12/31/2002 12:00:00 AM,2002,204000,Visitors on Holiday,Q4,Actual,116
Departures,12/31/2003 12:00:00 AM,2003,180900,Visitors on Holiday,Q4,Actual,117
Departures,12/31/2004 12:00:00 AM,2004*,258400,Visitors on Holiday,Q4,Preliminary ,118
Departures,12/31/2005 12:00:00 AM,2005,267000,Visitors on Holiday,Q4,Actual,119
Departures,12/31/2006 12:00:00 AM,2006,284900,Visitors on Holiday,Q4,Actual,120
Departures,03/31/2014 12:00:00 AM,2014*,234600,Visitors on Holiday,Q1,Preliminary ,121
Departures,12/31/2007 12:00:00 AM,2007,295000,Visitors on Holiday,Q4,Actual,122
Departures,06/30/2014 12:00:00 AM,2014*,205600,Visitors on Holiday,Q2,Preliminary ,123
Departures,12/31/2008 12:00:00 AM,2008,236600,Visitors on Holiday,Q4,Actual,124
Departures,09/30/2014 12:00:00 AM,2014*,244900,Visitors on Holiday,Q3,Preliminary ,125
Departures,12/31/2009 12:00:00 AM,2009*,306700,Visitors on Holiday,Q4,Preliminary ,126
Departures,12/31/2014 12:00:00 AM,2014*,260300,Visitors on Holiday,Q4,Preliminary ,127
Departures,03/31/1991 12:00:00 AM,1991,149300,Visitors on Holiday,Q1,Actual,128
Departures,03/31/1992 12:00:00 AM,1992,186000,Visitors on Holiday,Q1,Actual,129
Departures,03/31/1993 12:00:00 AM,1993,163400,Visitors on Holiday,Q1,Actual,130
Departures,03/31/1994 12:00:00 AM,1994,205900,Visitors on Holiday,Q1,Actual,131
Departures,03/31/1995 12:00:00 AM,1995*,130000,Visitors on Holiday,Q1,Preliminary ,132
Departures,03/31/1995 12:00:00 AM,1995,215200,Visitors on Holiday,Q1,Actual,133
Departures,03/31/1996 12:00:00 AM,1996,214400,Visitors on Holiday,Q1,Actual,134
Departures,03/31/1997 12:00:00 AM,1997,221600,Visitors on Holiday,Q1,Actual,135
Departures,03/31/1998 12:00:00 AM,1998,181200,Visitors on Holiday,Q1,Actual,136
Departures,03/31/1999 12:00:00 AM,1999*,196000,Visitors on Holiday,Q1,Preliminary ,137
Departures,03/31/2000 12:00:00 AM,2000,194500,Visitors on Holiday,Q1,Actual,138
Departures,03/31/2001 12:00:00 AM,2001,200300,Visitors on Holiday,Q1,Actual,139
Departures,03/31/2002 12:00:00 AM,2002,176000,Visitors on Holiday,Q1,Actual,140
Departures,03/31/2003 12:00:00 AM,2003,206700,Visitors on Holiday,Q1,Actual,141
Departures,03/31/2004 12:00:00 AM,2004*,209400,Visitors on Holiday,Q1,Preliminary ,142
Departures,03/31/2005 12:00:00 AM,2005,258900,Visitors on Holiday,Q1,Actual,143
Departures,03/31/2006 12:00:00 AM,2006,285300,Visitors on Holiday,Q1,Actual,144
Departures,03/31/2007 12:00:00 AM,2007,314200,Visitors on Holiday,Q1,Actual,145
Departures,03/31/2008 12:00:00 AM,2008,210100,Visitors on Holiday,Q1,Actual,146
Departures,03/31/2009 12:00:00 AM,2009*,258700,Visitors on Holiday,Q1,Preliminary ,147
Departures,06/30/1991 12:00:00 AM,1991,111200,Visitors on Holiday,Q2,Actual,148
Departures,06/30/1992 12:00:00 AM,1992,114600,Visitors on Holiday,Q2,Actual,149
Departures,06/30/1993 12:00:00 AM,1993,118700,Visitors on Holiday,Q2,Actual,150
Departures,06/30/1994 12:00:00 AM,1994,173500,Visitors on Holiday,Q2,Actual,151
Departures,06/30/1995 12:00:00 AM,1995*,122600,Visitors on Holiday,Q2,Preliminary ,152
Departures,06/30/1995 12:00:00 AM,1995,179400,Visitors on Holiday,Q2,Actual,153
Departures,06/30/1996 12:00:00 AM,1996,183700,Visitors on Holiday,Q2,Actual,154
Departures,06/30/1997 12:00:00 AM,1997,158800,Visitors on Holiday,Q2,Actual,155
Departures,06/30/1998 12:00:00 AM,1998,152800,Visitors on Holiday,Q2,Actual,156
Departures,06/30/1999 12:00:00 AM,1999*,165500,Visitors on Holiday,Q2,Preliminary ,157
Departures,06/30/2000 12:00:00 AM,2000,165500,Visitors on Holiday,Q2,Actual,158
Departures,06/30/2001 12:00:00 AM,2001,149600,Visitors on Holiday,Q2,Actual,159
Departures,06/30/2002 12:00:00 AM,2002,158500,Visitors on Holiday,Q2,Actual,160
Departures,06/30/2003 12:00:00 AM,2003,112500,Visitors on Holiday,Q2,Actual,161
Departures,06/30/2004 12:00:00 AM,2004*,178500,Visitors on Holiday,Q2,Preliminary ,162
Departures,06/30/2005 12:00:00 AM,2005,221900,Visitors on Holiday,Q2,Actual,163
Departures,06/30/2006 12:00:00 AM,2006,232900,Visitors on Holiday,Q2,Actual,164
Departures,06/30/2007 12:00:00 AM,2007,270200,Visitors on Holiday,Q2,Actual,165
Departures,06/30/2008 12:00:00 AM,2008,193400,Visitors on Holiday,Q2,Actual,166
Departures,06/30/2009 12:00:00 AM,2009*,217500,Visitors on Holiday,Q2,Preliminary ,167
Departures,09/30/1991 12:00:00 AM,1991,156200,Visitors on Holiday,Q3,Actual,168
Departures,09/30/1992 12:00:00 AM,1992,152400,Visitors on Holiday,Q3,Actual,169
Departures,09/30/1993 12:00:00 AM,1993,140100,Visitors on Holiday,Q3,Actual,170
Departures,09/30/1994 12:00:00 AM,1994,173300,Visitors on Holiday,Q3,Actual,171
Departures,09/30/1995 12:00:00 AM,1995*,138900,Visitors on Holiday,Q3,Preliminary ,172
Departures,03/31/2010 12:00:00 AM,2010,265600,Visitors on Holiday,Q1,Actual,173
Departures,09/30/1995 12:00:00 AM,1995,194700,Visitors on Holiday,Q3,Actual,174
Departures,06/30/2010 12:00:00 AM,2010,220200,Visitors on Holiday,Q2,Actual,175
Departures,09/30/1996 12:00:00 AM,1996,196400,Visitors on Holiday,Q3,Actual,176
Departures,09/30/2010 12:00:00 AM,2010,290300,Visitors on Holiday,Q3,Actual,177
Departures,09/30/1997 12:00:00 AM,1997,195300,Visitors on Holiday,Q3,Actual,178
Departures,12/31/2010 12:00:00 AM,2010,309000,Visitors on Holiday,Q4,Actual,179
Departures,09/30/1998 12:00:00 AM,1998,166700,Visitors on Holiday,Q3,Actual,180
Departures,03/31/2011 12:00:00 AM,2011,277600,Visitors on Holiday,Q1,Actual,181
Departures,09/30/1999 12:00:00 AM,1999*,203000,Visitors on Holiday,Q3,Preliminary ,182
Departures,06/30/2011 12:00:00 AM,2011,204900,Visitors on Holiday,Q2,Actual,183
Departures,09/30/2000 12:00:00 AM,2000,211100,Visitors on Holiday,Q3,Actual,184
Departures,09/30/2011 12:00:00 AM,2011,322800,Visitors on Holiday,Q3,Actual,185
Departures,09/30/2001 12:00:00 AM,2001,184700,Visitors on Holiday,Q3,Actual,186
Departures,12/31/2011 12:00:00 AM,2011,314200,Visitors on Holiday,Q4,Actual,187
Departures,09/30/2002 12:00:00 AM,2002,194100,Visitors on Holiday,Q3,Actual,188
Departures,03/31/2012 12:00:00 AM,2012,281700,Visitors on Holiday,Q1,Actual,189
Departures,09/30/2003 12:00:00 AM,2003,183900,Visitors on Holiday,Q3,Actual,190
Departures,06/30/2012 12:00:00 AM,2012,216000,Visitors on Holiday,Q2,Actual,191
Departures,09/30/2004 12:00:00 AM,2004*,239300,Visitors on Holiday,Q3,Preliminary ,192
Departures,09/30/2012 12:00:00 AM,2012,297600,Visitors on Holiday,Q3,Actual,193
Departures,09/30/2005 12:00:00 AM,2005,279300,Visitors on Holiday,Q3,Actual,194
Departures,12/31/2012 12:00:00 AM,2012,289400,Visitors on Holiday,Q4,Actual,195
Departures,09/30/2006 12:00:00 AM,2006,274900,Visitors on Holiday,Q3,Actual,196
Departures,03/31/2013 12:00:00 AM,2013,264000,Visitors on Holiday,Q1,Actual,197
Departures,09/30/2007 12:00:00 AM,2007,352600,Visitors on Holiday,Q3,Actual,198
Departures,06/30/2013 12:00:00 AM,2013,206800,Visitors on Holiday,Q2,Actual,199
Departures,09/30/2008 12:00:00 AM,2008,251500,Visitors on Holiday,Q3,Actual,200
Departures,09/30/2013 12:00:00 AM,2013,265700,Visitors on Holiday,Q3,Actual,201
Departures,09/30/2009 12:00:00 AM,2009*,282000,Visitors on Holiday,Q3,Preliminary ,202
Departures,12/31/2013 12:00:00 AM,2013,323300,Visitors on Holiday,Q4,Actual,203
Departures,12/31/1991 12:00:00 AM,1991,142800,Visitors on Holiday,Q4,Actual,204
Departures,12/31/1992 12:00:00 AM,1992,61800,Visitors on Holiday,Q4,Actual,205
Departures,12/31/1993 12:00:00 AM,1993,113600,Visitors on Holiday,Q4,Actual,206
Departures,12/31/1994 12:00:00 AM,1994,123400,Visitors on Holiday,Q4,Actual,207
Arrivals,03/31/2005 12:00:00 AM,2005,516000,Visitors on Business,Q1,Actual,208
Arrivals,06/30/1991 12:00:00 AM,1991,16600,Visitors on Business,Q2,Actual,209
Arrivals,09/30/1991 12:00:00 AM,1991,23100,Visitors on Business,Q3,Actual,210
Arrivals,12/31/1991 12:00:00 AM,1991,20000,Visitors on Business,Q4,Actual,211
Arrivals,03/31/1992 12:00:00 AM,1992,39100,Visitors on Business,Q1,Actual,212
Arrivals,06/30/1992 12:00:00 AM,1992,27300,Visitors on Business,Q2,Actual,213
Arrivals,09/30/1992 12:00:00 AM,1992,19300,Visitors on Business,Q3,Actual,214
Arrivals,12/31/1992 12:00:00 AM,1992,23600,Visitors on Business,Q4,Actual,215
Arrivals,03/31/1993 12:00:00 AM,1993,26200,Visitors on Business,Q1,Actual,216
Arrivals,06/30/1993 12:00:00 AM,1993,23700,Visitors on Business,Q2,Actual,217
Arrivals,09/30/1993 12:00:00 AM,1993,20000,Visitors on Business,Q3,Actual,218
Arrivals,12/31/1993 12:00:00 AM,1993,27700,Visitors on Business,Q4,Actual,219
Arrivals,03/31/1994 12:00:00 AM,1994,60800,Visitors on Business,Q1,Actual,220
Arrivals,06/30/1994 12:00:00 AM,1994,21500,Visitors on Business,Q2,Actual,221
Arrivals,09/30/1994 12:00:00 AM,1994,18200,Visitors on Business,Q3,Actual,222
Arrivals,12/31/1994 12:00:00 AM,1994,22100,Visitors on Business,Q4,Actual,223
Arrivals,03/31/1995 12:00:00 AM,1995,26900,Visitors on Business,Q1,Actual,224
Arrivals,06/30/1995 12:00:00 AM,1995,23000,Visitors on Business,Q2,Actual,225
Arrivals,09/30/1995 12:00:00 AM,1995,25100,Visitors on Business,Q3,Actual,226
Arrivals,12/31/1995 12:00:00 AM,1995,25500,Visitors on Business,Q4,Actual,227
Arrivals,03/31/1996 12:00:00 AM,1996,27000,Visitors on Business,Q1,Actual,228
Arrivals,06/30/1996 12:00:00 AM,1996,22100,Visitors on Business,Q2,Actual,229
Arrivals,09/30/1996 12:00:00 AM,1996,26800,Visitors on Business,Q3,Actual,230
Arrivals,12/31/1996 12:00:00 AM,1996,27800,Visitors on Business,Q4,Actual,231
Arrivals,03/31/1997 12:00:00 AM,1997,29500,Visitors on Business,Q1,Actual,232
Arrivals,06/30/1997 12:00:00 AM,1997,22300,Visitors on Business,Q2,Actual,233
Arrivals,09/30/1997 12:00:00 AM,1997,26500,Visitors on Business,Q3,Actual,234
Arrivals,12/31/1997 12:00:00 AM,1997,23400,Visitors on Business,Q4,Actual,235
Arrivals,03/31/1998 12:00:00 AM,1998,24400,Visitors on Business,Q1,Actual,236
Arrivals,06/30/1998 12:00:00 AM,1998,18900,Visitors on Business,Q2,Actual,237
Arrivals,09/30/1998 12:00:00 AM,1998,22200,Visitors on Business,Q3,Actual,238
Arrivals,12/31/1998 12:00:00 AM,1998,21300,Visitors on Business,Q4,Actual,239
Arrivals,03/31/1999 12:00:00 AM,1999,24500,Visitors on Business,Q1,Actual,240
Arrivals,06/30/1999 12:00:00 AM,1999,20700,Visitors on Business,Q2,Actual,241
Arrivals,09/30/1999 12:00:00 AM,1999,26200,Visitors on Business,Q3,Actual,242
Arrivals,12/31/1999 12:00:00 AM,1999,23000,Visitors on Business,Q4,Actual,243
Arrivals,03/31/2000 12:00:00 AM,2000,24600,Visitors on Business,Q1,Actual,244
Arrivals,06/30/2000 12:00:00 AM,2000,20900,Visitors on Business,Q2,Actual,245
Arrivals,09/30/2000 12:00:00 AM,2000,26600,Visitors on Business,Q3,Actual,246
Arrivals,12/31/2000 12:00:00 AM,2000,26200,Visitors on Business,Q4,Actual,247
Arrivals,03/31/2001 12:00:00 AM,2001,25300,Visitors on Business,Q1,Actual,248
Arrivals,06/30/2001 12:00:00 AM,2001,18900,Visitors on Business,Q2,Actual,249
Arrivals,10/01/2000 12:00:00 AM,2001,23300,Visitors on Business,Q3,Actual,250
Arrivals,12/31/2001 12:00:00 AM,2001,24600,Visitors on Business,Q4,Actual,251
Arrivals,03/31/2002 12:00:00 AM,2002,26100,Visitors on Business,Q1,Actual,252
Arrivals,06/30/2002 12:00:00 AM,2002,17100,Visitors on Business,Q2,Actual,253
Arrivals,10/02/2000 12:00:00 AM,2002,20400,Visitors on Business,Q3,Actual,254
Arrivals,12/31/2002 12:00:00 AM,2002,23000,Visitors on Business,Q4,Actual,255
Arrivals,03/31/2003 12:00:00 AM,2003,34700,Visitors on Business,Q1,Actual,256
Arrivals,06/30/2003 12:00:00 AM,2003,44700,Visitors on Business,Q2,Actual,257
Arrivals,10/03/2000 12:00:00 AM,2003,53400,Visitors on Business,Q3,Actual,258
Arrivals,12/31/2003 12:00:00 AM,2003,49300,Visitors on Business,Q4,Actual,259
Arrivals,03/31/1991 12:00:00 AM,1991,17900,Visitors on Business,Q1,Actual,260
Arrivals,06/30/2005 12:00:00 AM,2005,41900,Visitors on Business,Q2,Actual,261
Arrivals,10/05/2000 12:00:00 AM,2005,56600,Visitors on Business,Q3,Actual,262
Arrivals,12/31/2005 12:00:00 AM,2005,556000,Visitors on Business,Q4,Actual,263
Arrivals,03/31/2006 12:00:00 AM,2006,61700,Visitors on Business,Q1,Actual,264
Arrivals,06/30/2006 12:00:00 AM,2006,456000,Visitors on Business,Q2,Actual,265
Arrivals,10/06/2000 12:00:00 AM,2006,59400,Visitors on Business,Q3,Actual,266
Arrivals,12/31/2006 12:00:00 AM,2006,59600,Visitors on Business,Q4,Actual,267
Arrivals,03/31/2007 12:00:00 AM,2007,756000,Visitors on Business,Q1,Actual,268
Arrivals,06/30/2007 12:00:00 AM,2007,51600,Visitors on Business,Q2,Actual,269
Arrivals,10/07/2000 12:00:00 AM,2007,64700,Visitors on Business,Q3,Actual,270
Arrivals,12/31/2007 12:00:00 AM,2007,50100,Visitors on Business,Q4,Actual,271
Arrivals,03/31/2008 12:00:00 AM,2008,20400,Visitors on Business,Q1,Actual,272
Arrivals,06/30/2008 12:00:00 AM,2008,18600,Visitors on Business,Q2,Actual,273
Arrivals,10/08/2000 12:00:00 AM,2008,33100,Visitors on Business,Q3,Actual,274
Arrivals,12/31/2008 12:00:00 AM,2008,37200,Visitors on Business,Q4,Actual,275
Arrivals,03/31/2009 12:00:00 AM,2009,38000,Visitors on Business,Q1,Actual,276
Arrivals,06/30/2009 12:00:00 AM,2009,44400,Visitors on Business,Q2,Actual,277
Arrivals,10/09/2000 12:00:00 AM,2009,40100,Visitors on Business,Q3,Actual,278
Arrivals,12/31/2009 12:00:00 AM,2009,46800,Visitors on Business,Q4,Actual,279
Arrivals,03/31/2010 12:00:00 AM,2010,59700,Visitors on Business,Q1,Actual,280
Arrivals,06/30/2010 12:00:00 AM,2010,48600,Visitors on Business,Q2,Actual,281
Arrivals,09/30/2010 12:00:00 AM,2010,62000,Visitors on Business,Q3,Actual,282
Arrivals,12/31/2010 12:00:00 AM,2010,58600,Visitors on Business,Q4,Actual,283
Arrivals,03/31/2011 12:00:00 AM,2011,63600,Visitors on Business,Q1,Actual,284
Arrivals,06/30/2011 12:00:00 AM,2011,56000,Visitors on Business,Q2,Actual,285
Arrivals,09/30/2011 12:00:00 AM,2011,50100,Visitors on Business,Q3,Actual,286
Arrivals,12/31/2011 12:00:00 AM,2011,62400,Visitors on Business,Q4,Actual,287
Arrivals,03/31/2012 12:00:00 AM,2012,68400,Visitors on Business,Q1,Actual,288
Arrivals,06/30/2012 12:00:00 AM,2012,58800,Visitors on Business,Q2,Actual,289
Arrivals,09/30/2012 12:00:00 AM,2012,55700,Visitors on Business,Q3,Actual,290
Arrivals,12/31/2012 12:00:00 AM,2012,53200,Visitors on Business,Q4,Actual,291
Arrivals,03/31/2013 12:00:00 AM,2013,45900,Visitors on Business,Q1,Actual,292
Arrivals,06/30/2013 12:00:00 AM,2013,47300,Visitors on Business,Q2,Actual,293
Arrivals,09/30/2013 12:00:00 AM,2013,41700,Visitors on Business,Q3,Actual,294
Arrivals,12/31/2013 12:00:00 AM,2013,55300,Visitors on Business,Q4,Actual,295
Arrivals,03/31/1995 12:00:00 AM,1995*,45900,Visitors on Business,Q1,Preliminary ,296
Arrivals,06/30/1995 12:00:00 AM,1995*,15400,Visitors on Business,Q2,Preliminary ,297
Arrivals,09/30/1995 12:00:00 AM,1995*,14500,Visitors on Business,Q3,Preliminary ,298
Arrivals,12/31/1995 12:00:00 AM,1995*,20300,Visitors on Business,Q4,Preliminary ,299
Arrivals,03/31/1999 12:00:00 AM,1999*,24500,Visitors on Business,Q1,Preliminary ,300
Arrivals,06/30/1999 12:00:00 AM,1999*,20700,Visitors on Business,Q2,Preliminary ,301
Arrivals,09/30/1999 12:00:00 AM,1999*,26200,Visitors on Business,Q3,Preliminary ,302
Arrivals,12/31/1999 12:00:00 AM,1999*,23000,Visitors on Business,Q4,Preliminary ,303
Arrivals,03/31/2004 12:00:00 AM,2004',51100,Visitors on Business,Q1,Preliminary ,304
Arrivals,06/30/2004 12:00:00 AM,2004',49300,Visitors on Business,Q2,Preliminary ,305
Arrivals,10/04/2000 12:00:00 AM,2004',70800,Visitors on Business,Q3,Preliminary ,306
Arrivals,12/31/2004 12:00:00 AM,2004*,75200,Visitors on Business,Q4,Preliminary ,307
Arrivals,03/31/2009 12:00:00 AM,2009*,44100,Visitors on Business,Q1,Preliminary ,308
Arrivals,06/30/2009 12:00:00 AM,2009*,46400,Visitors on Business,Q2,Preliminary ,309
Arrivals,10/09/2000 12:00:00 AM,2009*,46400,Visitors on Business,Q3,Preliminary ,310
Arrivals,12/31/2009 12:00:00 AM,2009*,43600,Visitors on Business,Q4,Preliminary ,311
Arrivals,03/31/2014 12:00:00 AM,2014*,50100,Visitors on Business,Q1,Preliminary ,312
Arrivals,06/30/2014 12:00:00 AM,2014*,38500,Visitors on Business,Q2,Preliminary ,313
Arrivals,09/30/2014 12:00:00 AM,2014*,43000,Visitors on Business,Q3,Preliminary ,314
Arrivals,12/31/2014 12:00:00 AM,2014*,35300,Visitors on Business,Q4,Preliminary ,315
Departures,12/31/1995 12:00:00 AM,1995*,29900,Visitors on Business,Q4,Preliminary ,316
Departures,12/31/1995 12:00:00 AM,1995,24800,Visitors on Business,Q4,Actual,317
Departures,12/31/1996 12:00:00 AM,1996,26000,Visitors on Business,Q4,Actual,318
Departures,12/31/1997 12:00:00 AM,1997,21300,Visitors on Business,Q4,Actual,319
Departures,12/31/1998 12:00:00 AM,1998,21800,Visitors on Business,Q4,Actual,320
Departures,12/31/1999 12:00:00 AM,1999*,23000,Visitors on Business,Q4,Preliminary ,321
Departures,12/31/2000 12:00:00 AM,2000,26200,Visitors on Business,Q4,Actual,322
Departures,12/31/2001 12:00:00 AM,2001,24600,Visitors on Business,Q4,Actual,323
Departures,12/31/2002 12:00:00 AM,2002,23000,Visitors on Business,Q4,Actual,324
Departures,12/31/2003 12:00:00 AM,2003,49300,Visitors on Business,Q4,Actual,325
Departures,12/31/2004 12:00:00 AM,2004*,75200,Visitors on Business,Q4,Preliminary ,326
Departures,12/31/2005 12:00:00 AM,2005,52400,Visitors on Business,Q4,Actual,327
Departures,12/31/2006 12:00:00 AM,2006,55000,Visitors on Business,Q4,Actual,328
Departures,03/31/2014 12:00:00 AM,2014*,53600,Visitors on Business,Q1,Preliminary ,329
Departures,12/31/2007 12:00:00 AM,2007,53900,Visitors on Business,Q4,Actual,330
Departures,06/30/2014 12:00:00 AM,2014*,45600,Visitors on Business,Q2,Preliminary ,331
Departures,12/31/2008 12:00:00 AM,2008,38100,Visitors on Business,Q4,Actual,332
Departures,09/30/2014 12:00:00 AM,2014*,45700,Visitors on Business,Q3,Preliminary ,333
Departures,12/31/2009 12:00:00 AM,2009*,46800,Visitors on Business,Q4,Preliminary ,334
Departures,12/31/2014 12:00:00 AM,2014*,48100,Visitors on Business,Q4,Preliminary ,335
Departures,03/31/1991 12:00:00 AM,1991,16400,Visitors on Business,Q1,Actual,336
Departures,03/31/1992 12:00:00 AM,1992,20700,Visitors on Business,Q1,Actual,337
Departures,03/31/1993 12:00:00 AM,1993,18200,Visitors on Business,Q1,Actual,338
Departures,03/31/1994 12:00:00 AM,1994,22900,Visitors on Business,Q1,Actual,339
Departures,03/31/1995 12:00:00 AM,1995*,14500,Visitors on Business,Q1,Preliminary ,340
Departures,03/31/1995 12:00:00 AM,1995,27100,Visitors on Business,Q1,Actual,341
Departures,03/31/1996 12:00:00 AM,1996,27100,Visitors on Business,Q1,Actual,342
Departures,03/31/1997 12:00:00 AM,1997,28000,Visitors on Business,Q1,Actual,343
Departures,03/31/1998 12:00:00 AM,1998,22900,Visitors on Business,Q1,Actual,344
Departures,03/31/1999 12:00:00 AM,1999*,24800,Visitors on Business,Q1,Preliminary ,345
Departures,03/31/2000 12:00:00 AM,2000,24600,Visitors on Business,Q1,Actual,346
Departures,03/31/2001 12:00:00 AM,2001,25300,Visitors on Business,Q1,Actual,347
Departures,03/31/2002 12:00:00 AM,2002,26100,Visitors on Business,Q1,Actual,348
Departures,03/31/2003 12:00:00 AM,2003,34700,Visitors on Business,Q1,Actual,349
Departures,03/31/2004 12:00:00 AM,2004*,51100,Visitors on Business,Q1,Preliminary ,350
Departures,03/31/2005 12:00:00 AM,2005,50800,Visitors on Business,Q1,Actual,351
Departures,03/31/2006 12:00:00 AM,2006,56700,Visitors on Business,Q1,Actual,352
Departures,03/31/2007 12:00:00 AM,2007,65500,Visitors on Business,Q1,Actual,353
Departures,03/31/2008 12:00:00 AM,2008,18900,Visitors on Business,Q1,Actual,354
Departures,03/31/2009 12:00:00 AM,2009*,38000,Visitors on Business,Q1,Preliminary ,355
Departures,06/30/1991 12:00:00 AM,1991,17900,Visitors on Business,Q2,Actual,356
Departures,06/30/1992 12:00:00 AM,1992,21900,Visitors on Business,Q2,Actual,357
Departures,06/30/1993 12:00:00 AM,1993,22700,Visitors on Business,Q2,Actual,358
Departures,06/30/1994 12:00:00 AM,1994,33200,Visitors on Business,Q2,Actual,359
Departures,06/30/1995 12:00:00 AM,1995*,23500,Visitors on Business,Q2,Preliminary ,360
Departures,06/30/1995 12:00:00 AM,1995,22700,Visitors on Business,Q2,Actual,361
Departures,06/30/1996 12:00:00 AM,1996,23200,Visitors on Business,Q2,Actual,362
Departures,06/30/1997 12:00:00 AM,1997,20100,Visitors on Business,Q2,Actual,363
Departures,06/30/1998 12:00:00 AM,1998,19300,Visitors on Business,Q2,Actual,364
Departures,06/30/1999 12:00:00 AM,1999*,20900,Visitors on Business,Q2,Preliminary ,365
Departures,06/30/2000 12:00:00 AM,2000,20900,Visitors on Business,Q2,Actual,366
Departures,06/30/2001 12:00:00 AM,2001,18900,Visitors on Business,Q2,Actual,367
Departures,06/30/2002 12:00:00 AM,2002,17100,Visitors on Business,Q2,Actual,368
Departures,06/30/2003 12:00:00 AM,2003,44700,Visitors on Business,Q2,Actual,369
Departures,06/30/2004 12:00:00 AM,2004*,49300,Visitors on Business,Q2,Preliminary ,370
Departures,06/30/2005 12:00:00 AM,2005,43600,Visitors on Business,Q2,Actual,371
Departures,06/30/2006 12:00:00 AM,2006,47900,Visitors on Business,Q2,Actual,372
Departures,06/30/2007 12:00:00 AM,2007,49100,Visitors on Business,Q2,Actual,373
Departures,06/30/2008 12:00:00 AM,2008,19900,Visitors on Business,Q2,Actual,374
Departures,06/30/2009 12:00:00 AM,2009*,44400,Visitors on Business,Q2,Preliminary ,375
Departures,09/30/1991 12:00:00 AM,1991,17800,Visitors on Business,Q3,Actual,376
Departures,09/30/1992 12:00:00 AM,1992,22800,Visitors on Business,Q3,Actual,377
Departures,09/30/1993 12:00:00 AM,1993,21000,Visitors on Business,Q3,Actual,378
Departures,09/30/1994 12:00:00 AM,1994,26000,Visitors on Business,Q3,Actual,379
Departures,09/30/1995 12:00:00 AM,1995*,20500,Visitors on Business,Q3,Preliminary ,380
Departures,03/31/2010 12:00:00 AM,2010,40000,Visitors on Business,Q1,Actual,381
Departures,09/30/1995 12:00:00 AM,1995,24600,Visitors on Business,Q3,Actual,382
Departures,06/30/2010 12:00:00 AM,2010,45300,Visitors on Business,Q2,Actual,383
Departures,09/30/1996 12:00:00 AM,1996,24800,Visitors on Business,Q3,Actual,384
Departures,09/30/2010 12:00:00 AM,2010,41600,Visitors on Business,Q3,Actual,385
Departures,09/30/1997 12:00:00 AM,1997,24600,Visitors on Business,Q3,Actual,386
Departures,12/31/2010 12:00:00 AM,2010,46200,Visitors on Business,Q4,Actual,387
Departures,09/30/1998 12:00:00 AM,1998,21000,Visitors on Business,Q3,Actual,388
Departures,03/31/2011 12:00:00 AM,2011,56900,Visitors on Business,Q1,Actual,389
Departures,09/30/1999 12:00:00 AM,1999*,25000,Visitors on Business,Q3,Preliminary ,390
Departures,06/30/2011 12:00:00 AM,2011,52400,Visitors on Business,Q2,Actual,391
Departures,09/30/2000 12:00:00 AM,2000,26600,Visitors on Business,Q3,Actual,392
Departures,09/30/2011 12:00:00 AM,2011,31400,Visitors on Business,Q3,Actual,393
Departures,09/30/2001 12:00:00 AM,2001,23300,Visitors on Business,Q3,Actual,394
Departures,12/31/2011 12:00:00 AM,2011,57500,Visitors on Business,Q4,Actual,395
Departures,09/30/2002 12:00:00 AM,2002,20400,Visitors on Business,Q3,Actual,396
Departures,03/31/2012 12:00:00 AM,2012,54100,Visitors on Business,Q1,Actual,397
Departures,09/30/2003 12:00:00 AM,2003,53400,Visitors on Business,Q3,Actual,398
Departures,06/30/2012 12:00:00 AM,2012,53700,Visitors on Business,Q2,Actual,399
Departures,09/30/2004 12:00:00 AM,2004*,70800,Visitors on Business,Q3,Preliminary ,400
Departures,09/30/2012 12:00:00 AM,2012,46000,Visitors on Business,Q3,Actual,401
Departures,09/30/2005 12:00:00 AM,2005,54800,Visitors on Business,Q3,Actual,402
Departures,12/31/2012 12:00:00 AM,2012,47800,Visitors on Business,Q4,Actual,403
Departures,09/30/2006 12:00:00 AM,2006,59900,Visitors on Business,Q3,Actual,404
Departures,03/31/2013 12:00:00 AM,2013,51700,Visitors on Business,Q1,Actual,405
Departures,09/30/2007 12:00:00 AM,2007,63800,Visitors on Business,Q3,Actual,406
Departures,06/30/2013 12:00:00 AM,2013,57100,Visitors on Business,Q2,Actual,407
Departures,09/30/2008 12:00:00 AM,2008,31900,Visitors on Business,Q3,Actual,408
Departures,09/30/2013 12:00:00 AM,2013,40500,Visitors on Business,Q3,Actual,409
Departures,09/30/2009 12:00:00 AM,2009*,40100,Visitors on Business,Q3,Preliminary ,410
Departures,12/31/2013 12:00:00 AM,2013,53000,Visitors on Business,Q4,Actual,411
Departures,12/31/1991 12:00:00 AM,1991,16400,Visitors on Business,Q4,Actual,412
Departures,12/31/1992 12:00:00 AM,1992,16300,Visitors on Business,Q4,Actual,413
Departures,12/31/1993 12:00:00 AM,1993,30000,Visitors on Business,Q4,Actual,414
Departures,12/31/1994 12:00:00 AM,1994,32600,Visitors on Business,Q4,Actual,415
Arrivals,03/31/2005 12:00:00 AM,2005,22200,Visitors in Transit,Q1,Actual,416
Arrivals,06/30/1991 12:00:00 AM,1991,5100,Visitors in Transit,Q2,Actual,417
Arrivals,09/30/1991 12:00:00 AM,1991,13200,Visitors in Transit,Q3,Actual,418
Arrivals,12/31/1991 12:00:00 AM,1991,12500,Visitors in Transit,Q4,Actual,419
Arrivals,03/31/1992 12:00:00 AM,1992,19200,Visitors in Transit,Q1,Actual,420
Arrivals,06/30/1992 12:00:00 AM,1992,14700,Visitors in Transit,Q2,Actual,421
Arrivals,09/30/1992 12:00:00 AM,1992,8600,Visitors in Transit,Q3,Actual,422
Arrivals,12/31/1992 12:00:00 AM,1992,8300,Visitors in Transit,Q4,Actual,423
Arrivals,03/31/1993 12:00:00 AM,1993,12000,Visitors in Transit,Q1,Actual,424
Arrivals,06/30/1993 12:00:00 AM,1993,9600,Visitors in Transit,Q2,Actual,425
Arrivals,09/30/1993 12:00:00 AM,1993,12700,Visitors in Transit,Q3,Actual,426
Arrivals,12/31/1993 12:00:00 AM,1993,12500,Visitors in Transit,Q4,Actual,427
Arrivals,03/31/1994 12:00:00 AM,1994,27800,Visitors in Transit,Q1,Actual,428
Arrivals,06/30/1994 12:00:00 AM,1994,8700,Visitors in Transit,Q2,Actual,429
Arrivals,09/30/1994 12:00:00 AM,1994,11600,Visitors in Transit,Q3,Actual,430
Arrivals,12/31/1994 12:00:00 AM,1994,10100,Visitors in Transit,Q4,Actual,431
Arrivals,03/31/1995 12:00:00 AM,1995,13800,Visitors in Transit,Q1,Actual,432
Arrivals,06/30/1995 12:00:00 AM,1995,13900,Visitors in Transit,Q2,Actual,433
Arrivals,09/30/1995 12:00:00 AM,1995,14100,Visitors in Transit,Q3,Actual,434
Arrivals,12/31/1995 12:00:00 AM,1995,14000,Visitors in Transit,Q4,Actual,435
Arrivals,03/31/1996 12:00:00 AM,1996,12100,Visitors in Transit,Q1,Actual,436
Arrivals,06/30/1996 12:00:00 AM,1996,12000,Visitors in Transit,Q2,Actual,437
Arrivals,09/30/1996 12:00:00 AM,1996,17200,Visitors in Transit,Q3,Actual,438
Arrivals,12/31/1996 12:00:00 AM,1996,14900,Visitors in Transit,Q4,Actual,439
Arrivals,03/31/1997 12:00:00 AM,1997,14200,Visitors in Transit,Q1,Actual,440
Arrivals,06/30/1997 12:00:00 AM,1997,15500,Visitors in Transit,Q2,Actual,441
Arrivals,09/30/1997 12:00:00 AM,1997,20400,Visitors in Transit,Q3,Actual,442
Arrivals,12/31/1997 12:00:00 AM,1997,22200,Visitors in Transit,Q4,Actual,443
Arrivals,03/31/1998 12:00:00 AM,1998,34100,Visitors in Transit,Q1,Actual,444
Arrivals,06/30/1998 12:00:00 AM,1998,20600,Visitors in Transit,Q2,Actual,445
Arrivals,09/30/1998 12:00:00 AM,1998,23100,Visitors in Transit,Q3,Actual,446
Arrivals,12/31/1998 12:00:00 AM,1998,24100,Visitors in Transit,Q4,Actual,447
Arrivals,03/31/1999 12:00:00 AM,1999,27600,Visitors in Transit,Q1,Actual,448
Arrivals,06/30/1999 12:00:00 AM,1999,24400,Visitors in Transit,Q2,Actual,449
Arrivals,09/30/1999 12:00:00 AM,1999,29100,Visitors in Transit,Q3,Actual,450
Arrivals,12/31/1999 12:00:00 AM,1999,26300,Visitors in Transit,Q4,Actual,451
Arrivals,03/31/2000 12:00:00 AM,2000,41200,Visitors in Transit,Q1,Actual,452
Arrivals,06/30/2000 12:00:00 AM,2000,33000,Visitors in Transit,Q2,Actual,453
Arrivals,09/30/2000 12:00:00 AM,2000,32600,Visitors in Transit,Q3,Actual,454
Arrivals,12/31/2000 12:00:00 AM,2000,31700,Visitors in Transit,Q4,Actual,455
Arrivals,03/31/2001 12:00:00 AM,2001,39400,Visitors in Transit,Q1,Actual,456
Arrivals,06/30/2001 12:00:00 AM,2001,38500,Visitors in Transit,Q2,Actual,457
Arrivals,10/01/2000 12:00:00 AM,2001,37700,Visitors in Transit,Q3,Actual,458
Arrivals,12/31/2001 12:00:00 AM,2001,37000,Visitors in Transit,Q4,Actual,459
Arrivals,03/31/2002 12:00:00 AM,2002,47000,Visitors in Transit,Q1,Actual,460
Arrivals,06/30/2002 12:00:00 AM,2002,42700,Visitors in Transit,Q2,Actual,461
Arrivals,10/02/2000 12:00:00 AM,2002,37400,Visitors in Transit,Q3,Actual,462
Arrivals,12/31/2002 12:00:00 AM,2002,36200,Visitors in Transit,Q4,Actual,463
Arrivals,03/31/2003 12:00:00 AM,2003,51900,Visitors in Transit,Q1,Actual,464
Arrivals,06/30/2003 12:00:00 AM,2003,48200,Visitors in Transit,Q2,Actual,465
Arrivals,10/03/2000 12:00:00 AM,2003,62100,Visitors in Transit,Q3,Actual,466
Arrivals,12/31/2003 12:00:00 AM,2003,56900,Visitors in Transit,Q4,Actual,467
Arrivals,03/31/1991 12:00:00 AM,1991,7500,Visitors in Transit,Q1,Actual,468
Arrivals,06/30/2005 12:00:00 AM,2005,17900,Visitors in Transit,Q2,Actual,469
Arrivals,10/05/2000 12:00:00 AM,2005,24200,Visitors in Transit,Q3,Actual,470
Arrivals,12/31/2005 12:00:00 AM,2005,156000,Visitors in Transit,Q4,Actual,471
Arrivals,03/31/2006 12:00:00 AM,2006,36000,Visitors in Transit,Q1,Actual,472
Arrivals,06/30/2006 12:00:00 AM,2006,28400,Visitors in Transit,Q2,Actual,473
Arrivals,10/06/2000 12:00:00 AM,2006,386000,Visitors in Transit,Q3,Actual,474
Arrivals,12/31/2006 12:00:00 AM,2006,34200,Visitors in Transit,Q4,Actual,475
Arrivals,03/31/2007 12:00:00 AM,2007,41200,Visitors in Transit,Q1,Actual,476
Arrivals,06/30/2007 12:00:00 AM,2007,31300,Visitors in Transit,Q2,Actual,477
Arrivals,10/07/2000 12:00:00 AM,2007,28200,Visitors in Transit,Q3,Actual,478
Arrivals,12/31/2007 12:00:00 AM,2007,30200,Visitors in Transit,Q4,Actual,479
Arrivals,03/31/2008 12:00:00 AM,2008,5800,Visitors in Transit,Q1,Actual,480
Arrivals,06/30/2008 12:00:00 AM,2008,136000,Visitors in Transit,Q2,Actual,481
Arrivals,10/08/2000 12:00:00 AM,2008,20800,Visitors in Transit,Q3,Actual,482
Arrivals,12/31/2008 12:00:00 AM,2008,216000,Visitors in Transit,Q4,Actual,483
Arrivals,03/31/2009 12:00:00 AM,2009,22900,Visitors in Transit,Q1,Actual,484
Arrivals,06/30/2009 12:00:00 AM,2009,17200,Visitors in Transit,Q2,Actual,485
Arrivals,10/09/2000 12:00:00 AM,2009,32100,Visitors in Transit,Q3,Actual,486
Arrivals,12/31/2009 12:00:00 AM,2009,25300,Visitors in Transit,Q4,Actual,487
Arrivals,03/31/2010 12:00:00 AM,2010,34200,Visitors in Transit,Q1,Actual,488
Arrivals,06/30/2010 12:00:00 AM,2010,32200,Visitors in Transit,Q2,Actual,489
Arrivals,09/30/2010 12:00:00 AM,2010,40000,Visitors in Transit,Q3,Actual,490
Arrivals,12/31/2010 12:00:00 AM,2010,33200,Visitors in Transit,Q4,Actual,491
Arrivals,03/31/2011 12:00:00 AM,2011,22200,Visitors in Transit,Q1,Actual,492
Arrivals,06/30/2011 12:00:00 AM,2011,21100,Visitors in Transit,Q2,Actual,493
Arrivals,09/30/2011 12:00:00 AM,2011,15300,Visitors in Transit,Q3,Actual,494
Arrivals,12/31/2011 12:00:00 AM,2011,14200,Visitors in Transit,Q4,Actual,495
Arrivals,03/31/2012 12:00:00 AM,2012,21400,Visitors in Transit,Q1,Actual,496
Arrivals,06/30/2012 12:00:00 AM,2012,22600,Visitors in Transit,Q2,Actual,497
Arrivals,09/30/2012 12:00:00 AM,2012,27000,Visitors in Transit,Q3,Actual,498
Arrivals,12/31/2012 12:00:00 AM,2012,20900,Visitors in Transit,Q4,Actual,499
Arrivals,03/31/2013 12:00:00 AM,2013,22500,Visitors in Transit,Q1,Actual,500
Arrivals,06/30/2013 12:00:00 AM,2013,21800,Visitors in Transit,Q2,Actual,501
Arrivals,09/30/2013 12:00:00 AM,2013,20800,Visitors in Transit,Q3,Actual,502
Arrivals,12/31/2013 12:00:00 AM,2013,21100,Visitors in Transit,Q4,Actual,503
Arrivals,03/31/1995 12:00:00 AM,1995*,13400,Visitors in Transit,Q1,Preliminary ,504
Arrivals,06/30/1995 12:00:00 AM,1995*,13500,Visitors in Transit,Q2,Preliminary ,505
Arrivals,09/30/1995 12:00:00 AM,1995*,13500,Visitors in Transit,Q3,Preliminary ,506
Arrivals,12/31/1995 12:00:00 AM,1995*,13500,Visitors in Transit,Q4,Preliminary ,507
Arrivals,03/31/1999 12:00:00 AM,1999*,27600,Visitors in Transit,Q1,Preliminary ,508
Arrivals,06/30/1999 12:00:00 AM,1999*,24400,Visitors in Transit,Q2,Preliminary ,509
Arrivals,09/30/1999 12:00:00 AM,1999*,29100,Visitors in Transit,Q3,Preliminary ,510
Arrivals,12/31/1999 12:00:00 AM,1999*,26300,Visitors in Transit,Q4,Preliminary ,511
Arrivals,03/31/2004 12:00:00 AM,2004',47300,Visitors in Transit,Q1,Preliminary ,512
Arrivals,06/30/2004 12:00:00 AM,2004',28800,Visitors in Transit,Q2,Preliminary ,513
Arrivals,10/04/2000 12:00:00 AM,2004',46900,Visitors in Transit,Q3,Preliminary ,514
Arrivals,12/31/2004 12:00:00 AM,2004*,39200,Visitors in Transit,Q4,Preliminary ,515
Arrivals,03/31/2009 12:00:00 AM,2009*,216000,Visitors in Transit,Q1,Preliminary ,516
Arrivals,06/30/2009 12:00:00 AM,2009*,23800,Visitors in Transit,Q2,Preliminary ,517
Arrivals,10/09/2000 12:00:00 AM,2009*,29300,Visitors in Transit,Q3,Preliminary ,518
Arrivals,12/31/2009 12:00:00 AM,2009*,23400,Visitors in Transit,Q4,Preliminary ,519
Arrivals,03/31/2014 12:00:00 AM,2014*,28500,Visitors in Transit,Q1,Preliminary ,520
Arrivals,06/30/2014 12:00:00 AM,2014*,22900,Visitors in Transit,Q2,Preliminary ,521
Arrivals,09/30/2014 12:00:00 AM,2014*,22200,Visitors in Transit,Q3,Preliminary ,522
Arrivals,12/31/2014 12:00:00 AM,2014*,15500,Visitors in Transit,Q4,Preliminary ,523
Departures,12/31/1995 12:00:00 AM,1995*,14700,Visitors in Transit,Q4,Preliminary ,524
Departures,12/31/1995 12:00:00 AM,1995,15100,Visitors in Transit,Q4,Actual,525
Departures,12/31/1996 12:00:00 AM,1996,12500,Visitors in Transit,Q4,Actual,526
Departures,12/31/1997 12:00:00 AM,1997,19100,Visitors in Transit,Q4,Actual,527
Departures,12/31/1998 12:00:00 AM,1998,23800,Visitors in Transit,Q4,Actual,528
Departures,12/31/1999 12:00:00 AM,1999*,27300,Visitors in Transit,Q4,Preliminary ,529
Departures,12/31/2000 12:00:00 AM,2000,31700,Visitors in Transit,Q4,Actual,530
Departures,12/31/2001 12:00:00 AM,2001,37000,Visitors in Transit,Q4,Actual,531
Departures,12/31/2002 12:00:00 AM,2002,36200,Visitors in Transit,Q4,Actual,532
Departures,12/31/2003 12:00:00 AM,2003,56900,Visitors in Transit,Q4,Actual,533
Departures,12/31/2004 12:00:00 AM,2004*,39200,Visitors in Transit,Q4,Preliminary ,534
Departures,12/31/2005 12:00:00 AM,2005,18600,Visitors in Transit,Q4,Actual,535
Departures,12/31/2006 12:00:00 AM,2006,41200,Visitors in Transit,Q4,Actual,536
Departures,03/31/2014 12:00:00 AM,2014*,33700,Visitors in Transit,Q1,Preliminary ,537
Departures,12/31/2007 12:00:00 AM,2007,35400,Visitors in Transit,Q4,Actual,538
Departures,06/30/2014 12:00:00 AM,2014*,23700,Visitors in Transit,Q2,Preliminary ,539
Departures,12/31/2008 12:00:00 AM,2008,23300,Visitors in Transit,Q4,Actual,540
Departures,09/30/2014 12:00:00 AM,2014*,24400,Visitors in Transit,Q3,Preliminary ,541
Departures,12/31/2009 12:00:00 AM,2009*,25300,Visitors in Transit,Q4,Preliminary ,542
Departures,12/31/2014 12:00:00 AM,2014*,25700,Visitors in Transit,Q4,Preliminary ,543
Departures,03/31/1991 12:00:00 AM,1991,11800,Visitors in Transit,Q1,Actual,544
Departures,03/31/1992 12:00:00 AM,1992,13500,Visitors in Transit,Q1,Actual,545
Departures,03/31/1993 12:00:00 AM,1993,11900,Visitors in Transit,Q1,Actual,546
Departures,03/31/1994 12:00:00 AM,1994,15000,Visitors in Transit,Q1,Actual,547
Departures,03/31/1995 12:00:00 AM,1995*,13900,Visitors in Transit,Q1,Preliminary ,548
Departures,03/31/1995 12:00:00 AM,1995,14700,Visitors in Transit,Q1,Actual,549
Departures,03/31/1996 12:00:00 AM,1996,17100,Visitors in Transit,Q1,Actual,550
Departures,03/31/1997 12:00:00 AM,1997,11800,Visitors in Transit,Q1,Actual,551
Departures,03/31/1998 12:00:00 AM,1998,26400,Visitors in Transit,Q1,Actual,552
Departures,03/31/1999 12:00:00 AM,1999*,26500,Visitors in Transit,Q1,Preliminary ,553
Departures,03/31/2000 12:00:00 AM,2000,41200,Visitors in Transit,Q1,Actual,554
Departures,03/31/2001 12:00:00 AM,2001,39400,Visitors in Transit,Q1,Actual,555
Departures,03/31/2002 12:00:00 AM,2002,47000,Visitors in Transit,Q1,Actual,556
Departures,03/31/2003 12:00:00 AM,2003,51900,Visitors in Transit,Q1,Actual,557
Departures,03/31/2004 12:00:00 AM,2004*,47300,Visitors in Transit,Q1,Preliminary ,558
Departures,03/31/2005 12:00:00 AM,2005,18000,Visitors in Transit,Q1,Actual,559
Departures,03/31/2006 12:00:00 AM,2006,29900,Visitors in Transit,Q1,Actual,560
Departures,03/31/2007 12:00:00 AM,2007,35400,Visitors in Transit,Q1,Actual,561
Departures,03/31/2008 12:00:00 AM,2008,10100,Visitors in Transit,Q1,Actual,562
Departures,03/31/2009 12:00:00 AM,2009*,22900,Visitors in Transit,Q1,Preliminary ,563
Departures,06/30/1991 12:00:00 AM,1991,11100,Visitors in Transit,Q2,Actual,564
Departures,06/30/1992 12:00:00 AM,1992,10900,Visitors in Transit,Q2,Actual,565
Departures,06/30/1993 12:00:00 AM,1993,11300,Visitors in Transit,Q2,Actual,566
Departures,06/30/1994 12:00:00 AM,1994,16500,Visitors in Transit,Q2,Actual,567
Departures,06/30/1995 12:00:00 AM,1995*,13900,Visitors in Transit,Q2,Preliminary ,568
Departures,06/30/1995 12:00:00 AM,1995,14300,Visitors in Transit,Q2,Actual,569
Departures,06/30/1996 12:00:00 AM,1996,12600,Visitors in Transit,Q2,Actual,570
Departures,06/30/1997 12:00:00 AM,1997,15300,Visitors in Transit,Q2,Actual,571
Departures,06/30/1998 12:00:00 AM,1998,17700,Visitors in Transit,Q2,Actual,572
Departures,06/30/1999 12:00:00 AM,1999*,23200,Visitors in Transit,Q2,Preliminary ,573
Departures,06/30/2000 12:00:00 AM,2000,33000,Visitors in Transit,Q2,Actual,574
Departures,06/30/2001 12:00:00 AM,2001,38500,Visitors in Transit,Q2,Actual,575
Departures,06/30/2002 12:00:00 AM,2002,42700,Visitors in Transit,Q2,Actual,576
Departures,06/30/2003 12:00:00 AM,2003,48200,Visitors in Transit,Q2,Actual,577
Departures,06/30/2004 12:00:00 AM,2004*,28800,Visitors in Transit,Q2,Preliminary ,578
Departures,06/30/2005 12:00:00 AM,2005,15500,Visitors in Transit,Q2,Actual,579
Departures,06/30/2006 12:00:00 AM,2006,18300,Visitors in Transit,Q2,Actual,580
Departures,06/30/2007 12:00:00 AM,2007,20800,Visitors in Transit,Q2,Actual,581
Departures,06/30/2008 12:00:00 AM,2008,14100,Visitors in Transit,Q2,Actual,582
Departures,06/30/2009 12:00:00 AM,2009*,17200,Visitors in Transit,Q2,Preliminary ,583
Departures,09/30/1991 12:00:00 AM,1991,11700,Visitors in Transit,Q3,Actual,584
Departures,09/30/1992 12:00:00 AM,1992,13000,Visitors in Transit,Q3,Actual,585
Departures,09/30/1993 12:00:00 AM,1993,11900,Visitors in Transit,Q3,Actual,586
Departures,09/30/1994 12:00:00 AM,1994,14700,Visitors in Transit,Q3,Actual,587
Departures,09/30/1995 12:00:00 AM,1995*,15000,Visitors in Transit,Q3,Preliminary ,588
Departures,03/31/2010 12:00:00 AM,2010,25500,Visitors in Transit,Q1,Actual,589
Departures,09/30/1995 12:00:00 AM,1995,15400,Visitors in Transit,Q3,Actual,590
Departures,06/30/2010 12:00:00 AM,2010,17600,Visitors in Transit,Q2,Actual,591
Departures,09/30/1996 12:00:00 AM,1996,15300,Visitors in Transit,Q3,Actual,592
Departures,09/30/2010 12:00:00 AM,2010,34600,Visitors in Transit,Q3,Actual,593
Departures,09/30/1997 12:00:00 AM,1997,20000,Visitors in Transit,Q3,Actual,594
Departures,12/31/2010 12:00:00 AM,2010,24500,Visitors in Transit,Q4,Actual,595
Departures,09/30/1998 12:00:00 AM,1998,24000,Visitors in Transit,Q3,Actual,596
Departures,03/31/2011 12:00:00 AM,2011,20400,Visitors in Transit,Q1,Actual,597
Departures,09/30/1999 12:00:00 AM,1999*,29400,Visitors in Transit,Q3,Preliminary ,598
Departures,06/30/2011 12:00:00 AM,2011,17200,Visitors in Transit,Q2,Actual,599
Departures,09/30/2000 12:00:00 AM,2000,31700,Visitors in Transit,Q3,Actual,600
Departures,09/30/2011 12:00:00 AM,2011,12000,Visitors in Transit,Q3,Actual,601
Departures,09/30/2001 12:00:00 AM,2001,37700,Visitors in Transit,Q3,Actual,602
Departures,12/31/2011 12:00:00 AM,2011,12100,Visitors in Transit,Q4,Actual,603
Departures,09/30/2002 12:00:00 AM,2002,37400,Visitors in Transit,Q3,Actual,604
Departures,03/31/2012 12:00:00 AM,2012,25200,Visitors in Transit,Q1,Actual,605
Departures,09/30/2003 12:00:00 AM,2003,62100,Visitors in Transit,Q3,Actual,606
Departures,06/30/2012 12:00:00 AM,2012,18400,Visitors in Transit,Q2,Actual,607
Departures,09/30/2004 12:00:00 AM,2004*,46900,Visitors in Transit,Q3,Preliminary ,608
Departures,09/30/2012 12:00:00 AM,2012,23000,Visitors in Transit,Q3,Actual,609
Departures,09/30/2005 12:00:00 AM,2005,19500,Visitors in Transit,Q3,Actual,610
Departures,12/31/2012 12:00:00 AM,2012,18400,Visitors in Transit,Q4,Actual,611
Departures,09/30/2006 12:00:00 AM,2006,27500,Visitors in Transit,Q3,Actual,612
Departures,03/31/2013 12:00:00 AM,2013,21400,Visitors in Transit,Q1,Actual,613
Departures,09/30/2007 12:00:00 AM,2007,33000,Visitors in Transit,Q3,Actual,614
Departures,06/30/2013 12:00:00 AM,2013,17300,Visitors in Transit,Q2,Actual,615
Departures,09/30/2008 12:00:00 AM,2008,17700,Visitors in Transit,Q3,Actual,616
Departures,09/30/2013 12:00:00 AM,2013,20200,Visitors in Transit,Q3,Actual,617
Departures,09/30/2009 12:00:00 AM,2009*,32100,Visitors in Transit,Q3,Preliminary ,618
Departures,12/31/2013 12:00:00 AM,2013,23200,Visitors in Transit,Q4,Actual,619
Departures,12/31/1991 12:00:00 AM,1991,12600,Visitors in Transit,Q4,Actual,620
Departures,12/31/1992 12:00:00 AM,1992,9400,Visitors in Transit,Q4,Actual,621
Departures,12/31/1993 12:00:00 AM,1993,17300,Visitors in Transit,Q4,Actual,622
Departures,12/31/1994 12:00:00 AM,1994,18800,Visitors in Transit,Q4,Actual,623
Arrivals,03/31/2005 12:00:00 AM,2005,37600,Other,Q1,Actual,624
Arrivals,06/30/1991 12:00:00 AM,1991,2400,Other,Q2,Actual,625
Arrivals,09/30/1991 12:00:00 AM,1991,4100,Other,Q3,Actual,626
Arrivals,12/31/1991 12:00:00 AM,1991,7900,Other,Q4,Actual,627
Arrivals,03/31/1992 12:00:00 AM,1992,5500,Other,Q1,Actual,628
Arrivals,06/30/1992 12:00:00 AM,1992,6000,Other,Q2,Actual,629
Arrivals,09/30/1992 12:00:00 AM,1992,1500,Other,Q3,Actual,630
Arrivals,12/31/1992 12:00:00 AM,1992,1700,Other,Q4,Actual,631
Arrivals,03/31/1993 12:00:00 AM,1993,1100,Other,Q1,Actual,632
Arrivals,06/30/1993 12:00:00 AM,1993,300,Other,Q2,Actual,633
Arrivals,09/30/1993 12:00:00 AM,1993,400,Other,Q3,Actual,634
Arrivals,12/31/1993 12:00:00 AM,1993,200,Other,Q4,Actual,635
Arrivals,03/31/1994 12:00:00 AM,1994,2600,Other,Q1,Actual,636
Arrivals,06/30/1994 12:00:00 AM,1994,300,Other,Q2,Actual,637
Arrivals,09/30/1994 12:00:00 AM,1994,400,Other,Q3,Actual,638
Arrivals,12/31/1994 12:00:00 AM,1994,200,Other,Q4,Actual,639
Arrivals,03/31/1995 12:00:00 AM,1995,5800,Other,Q1,Actual,640
Arrivals,06/30/1995 12:00:00 AM,1995,4900,Other,Q2,Actual,641
Arrivals,09/30/1995 12:00:00 AM,1995,5400,Other,Q3,Actual,642
Arrivals,12/31/1995 12:00:00 AM,1995,5500,Other,Q4,Actual,643
Arrivals,03/31/1996 12:00:00 AM,1996,5800,Other,Q1,Actual,644
Arrivals,06/30/1996 12:00:00 AM,1996,4800,Other,Q2,Actual,645
Arrivals,09/30/1996 12:00:00 AM,1996,5800,Other,Q3,Actual,646
Arrivals,12/31/1996 12:00:00 AM,1996,5900,Other,Q4,Actual,647
Arrivals,03/31/1997 12:00:00 AM,1997,6300,Other,Q1,Actual,648
Arrivals,06/30/1997 12:00:00 AM,1997,4800,Other,Q2,Actual,649
Arrivals,09/30/1997 12:00:00 AM,1997,5700,Other,Q3,Actual,650
Arrivals,12/31/1997 12:00:00 AM,1997,5000,Other,Q4,Actual,651
Arrivals,03/31/1998 12:00:00 AM,1998,5200,Other,Q1,Actual,652
Arrivals,06/30/1998 12:00:00 AM,1998,4100,Other,Q2,Actual,653
Arrivals,09/30/1998 12:00:00 AM,1998,4800,Other,Q3,Actual,654
Arrivals,12/31/1998 12:00:00 AM,1998,4600,Other,Q4,Actual,655
Arrivals,03/31/1999 12:00:00 AM,1999,5500,Other,Q1,Actual,656
Arrivals,06/30/1999 12:00:00 AM,1999,4500,Other,Q2,Actual,657
Arrivals,09/30/1999 12:00:00 AM,1999,5700,Other,Q3,Actual,658
Arrivals,12/31/1999 12:00:00 AM,1999,4900,Other,Q4,Actual,659
Arrivals,03/31/2000 12:00:00 AM,2000,5500,Other,Q1,Actual,660
Arrivals,06/30/2000 12:00:00 AM,2000,4600,Other,Q2,Actual,661
Arrivals,09/30/2000 12:00:00 AM,2000,5800,Other,Q3,Actual,662
Arrivals,12/31/2000 12:00:00 AM,2000,5600,Other,Q4,Actual,663
Arrivals,03/31/2001 12:00:00 AM,2001,4900,Other,Q1,Actual,664
Arrivals,06/30/2001 12:00:00 AM,2001,4200,Other,Q2,Actual,665
Arrivals,10/01/2000 12:00:00 AM,2001,5100,Other,Q3,Actual,666
Arrivals,12/31/2001 12:00:00 AM,2001,5300,Other,Q4,Actual,667
Arrivals,03/31/2002 12:00:00 AM,2002,5800,Other,Q1,Actual,668
Arrivals,06/30/2002 12:00:00 AM,2002,3800,Other,Q2,Actual,669
Arrivals,10/02/2000 12:00:00 AM,2002,4400,Other,Q3,Actual,670
Arrivals,12/31/2002 12:00:00 AM,2002,4900,Other,Q4,Actual,671
Arrivals,03/31/2003 12:00:00 AM,2003,7700,Other,Q1,Actual,672
Arrivals,06/30/2003 12:00:00 AM,2003,18900,Other,Q2,Actual,673
Arrivals,10/03/2000 12:00:00 AM,2003,11600,Other,Q3,Actual,674
Arrivals,12/31/2003 12:00:00 AM,2003,22800,Other,Q4,Actual,675
Arrivals,03/31/1991 12:00:00 AM,1991,1000,Other,Q1,Actual,676
Arrivals,06/30/2005 12:00:00 AM,2005,30300,Other,Q2,Actual,677
Arrivals,10/05/2000 12:00:00 AM,2005,41000,Other,Q3,Actual,678
Arrivals,12/31/2005 12:00:00 AM,2005,21000,Other,Q4,Actual,679
Arrivals,03/31/2006 12:00:00 AM,2006,48200,Other,Q1,Actual,680
Arrivals,06/30/2006 12:00:00 AM,2006,23400,Other,Q2,Actual,681
Arrivals,10/06/2000 12:00:00 AM,2006,46600,Other,Q3,Actual,682
Arrivals,12/31/2006 12:00:00 AM,2006,31700,Other,Q4,Actual,683
Arrivals,03/31/2007 12:00:00 AM,2007,59200,Other,Q1,Actual,684
Arrivals,06/30/2007 12:00:00 AM,2007,37900,Other,Q2,Actual,685
Arrivals,10/07/2000 12:00:00 AM,2007,376000,Other,Q3,Actual,686
Arrivals,12/31/2007 12:00:00 AM,2007,30300,Other,Q4,Actual,687
Arrivals,03/31/2008 12:00:00 AM,2008,6900,Other,Q1,Actual,688
Arrivals,06/30/2008 12:00:00 AM,2008,20200,Other,Q2,Actual,689
Arrivals,10/08/2000 12:00:00 AM,2008,44000,Other,Q3,Actual,690
Arrivals,12/31/2008 12:00:00 AM,2008,24700,Other,Q4,Actual,691
Arrivals,03/31/2009 12:00:00 AM,2009,39400,Other,Q1,Actual,692
Arrivals,06/30/2009 12:00:00 AM,2009,23300,Other,Q2,Actual,693
Arrivals,10/09/2000 12:00:00 AM,2009,44000,Other,Q3,Actual,694
Arrivals,12/31/2009 12:00:00 AM,2009,29900,Other,Q4,Actual,695
Arrivals,03/31/2010 12:00:00 AM,2010,33500,Other,Q1,Actual,696
Arrivals,06/30/2010 12:00:00 AM,2010,25900,Other,Q2,Actual,697
Arrivals,09/30/2010 12:00:00 AM,2010,49800,Other,Q3,Actual,698
Arrivals,12/31/2010 12:00:00 AM,2010,30700,Other,Q4,Actual,699
Arrivals,03/31/2011 12:00:00 AM,2011,38500,Other,Q1,Actual,700
Arrivals,06/30/2011 12:00:00 AM,2011,64700,Other,Q2,Actual,701
Arrivals,09/30/2011 12:00:00 AM,2011,50100,Other,Q3,Actual,702
Arrivals,12/31/2011 12:00:00 AM,2011,44600,Other,Q4,Actual,703
Arrivals,03/31/2012 12:00:00 AM,2012,35400,Other,Q1,Actual,704
Arrivals,06/30/2012 12:00:00 AM,2012,45000,Other,Q2,Actual,705
Arrivals,09/30/2012 12:00:00 AM,2012,52800,Other,Q3,Actual,706
Arrivals,12/31/2012 12:00:00 AM,2012,30600,Other,Q4,Actual,707
Arrivals,03/31/2013 12:00:00 AM,2013,30500,Other,Q1,Actual,708
Arrivals,06/30/2013 12:00:00 AM,2013,39500,Other,Q2,Actual,709
Arrivals,09/30/2013 12:00:00 AM,2013,35500,Other,Q3,Actual,710
Arrivals,12/31/2013 12:00:00 AM,2013,34000,Other,Q4,Actual,711
Arrivals,03/31/1995 12:00:00 AM,1995*,1900,Other,Q1,Preliminary ,712
Arrivals,06/30/1995 12:00:00 AM,1995*,200,Other,Q2,Preliminary ,713
Arrivals,09/30/1995 12:00:00 AM,1995*,300,Other,Q3,Preliminary ,714
Arrivals,12/31/1995 12:00:00 AM,1995*,200,Other,Q4,Preliminary ,715
Arrivals,03/31/1999 12:00:00 AM,1999*,5500,Other,Q1,Preliminary ,716
Arrivals,06/30/1999 12:00:00 AM,1999*,4500,Other,Q2,Preliminary ,717
Arrivals,09/30/1999 12:00:00 AM,1999*,5700,Other,Q3,Preliminary ,718
Arrivals,12/31/1999 12:00:00 AM,1999*,4900,Other,Q4,Preliminary ,719
Arrivals,03/31/2004 12:00:00 AM,2004',9700,Other,Q1,Preliminary ,720
Arrivals,06/30/2004 12:00:00 AM,2004',20400,Other,Q2,Preliminary ,721
Arrivals,10/04/2000 12:00:00 AM,2004',12800,Other,Q3,Preliminary ,722
Arrivals,12/31/2004 12:00:00 AM,2004*,23600,Other,Q4,Preliminary ,723
Arrivals,03/31/2009 12:00:00 AM,2009*,376000,Other,Q1,Preliminary ,724
Arrivals,06/30/2009 12:00:00 AM,2009*,34600,Other,Q2,Preliminary ,725
Arrivals,10/09/2000 12:00:00 AM,2009*,50200,Other,Q3,Preliminary ,726
Arrivals,12/31/2009 12:00:00 AM,2009*,27700,Other,Q4,Preliminary ,727
Arrivals,03/31/2014 12:00:00 AM,2014*,37100,Other,Q1,Preliminary ,728
Arrivals,06/30/2014 12:00:00 AM,2014*,24200,Other,Q2,Preliminary ,729
Arrivals,09/30/2014 12:00:00 AM,2014*,36700,Other,Q3,Preliminary ,730
Arrivals,12/31/2014 12:00:00 AM,2014*,19500,Other,Q4,Preliminary ,731
Departures,12/31/1995 12:00:00 AM,1995*,2300,Other,Q4,Preliminary ,732
Departures,12/31/1995 12:00:00 AM,1995,5300,Other,Q4,Actual,733
Departures,12/31/1996 12:00:00 AM,1996,5600,Other,Q4,Actual,734
Departures,12/31/1997 12:00:00 AM,1997,4600,Other,Q4,Actual,735
Departures,12/31/1998 12:00:00 AM,1998,4700,Other,Q4,Actual,736
Departures,12/31/1999 12:00:00 AM,1999*,5100,Other,Q4,Preliminary ,737
Departures,12/31/2000 12:00:00 AM,2000,5600,Other,Q4,Actual,738
Departures,12/31/2001 12:00:00 AM,2001,5300,Other,Q4,Actual,739
Departures,12/31/2002 12:00:00 AM,2002,4900,Other,Q4,Actual,740
Departures,12/31/2003 12:00:00 AM,2003,22800,Other,Q4,Actual,741
Departures,12/31/2004 12:00:00 AM,2004*,23600,Other,Q4,Preliminary ,742
Departures,12/31/2005 12:00:00 AM,2005,41800,Other,Q4,Actual,743
Departures,12/31/2006 12:00:00 AM,2006,40600,Other,Q4,Actual,744
Departures,03/31/2014 12:00:00 AM,2014*,40100,Other,Q1,Preliminary ,745
Departures,12/31/2007 12:00:00 AM,2007,43700,Other,Q4,Actual,746
Departures,06/30/2014 12:00:00 AM,2014*,37000,Other,Q2,Preliminary ,747
Departures,12/31/2008 12:00:00 AM,2008,28300,Other,Q4,Actual,748
Departures,09/30/2014 12:00:00 AM,2014*,40400,Other,Q3,Preliminary ,749
Departures,12/31/2009 12:00:00 AM,2009*,29900,Other,Q4,Preliminary ,750
Departures,12/31/2014 12:00:00 AM,2014*,40100,Other,Q4,Preliminary ,751
Departures,03/31/1991 12:00:00 AM,1991,1800,Other,Q1,Actual,752
Departures,03/31/1992 12:00:00 AM,1992,1900,Other,Q1,Actual,753
Departures,03/31/1993 12:00:00 AM,1993,1600,Other,Q1,Actual,754
Departures,03/31/1994 12:00:00 AM,1994,2000,Other,Q1,Actual,755
Departures,03/31/1995 12:00:00 AM,1995*,1300,Other,Q1,Preliminary ,756
Departures,03/31/1995 12:00:00 AM,1995,5800,Other,Q1,Actual,757
Departures,03/31/1996 12:00:00 AM,1996,5800,Other,Q1,Actual,758
Departures,03/31/1997 12:00:00 AM,1997,6000,Other,Q1,Actual,759
Departures,03/31/1998 12:00:00 AM,1998,4900,Other,Q1,Actual,760
Departures,03/31/1999 12:00:00 AM,1999*,5600,Other,Q1,Preliminary ,761
Departures,03/31/2000 12:00:00 AM,2000,5500,Other,Q1,Actual,762
Departures,03/31/2001 12:00:00 AM,2001,4900,Other,Q1,Actual,763
Departures,03/31/2002 12:00:00 AM,2002,5800,Other,Q1,Actual,764
Departures,03/31/2003 12:00:00 AM,2003,7700,Other,Q1,Actual,765
Departures,03/31/2004 12:00:00 AM,2004*,9700,Other,Q1,Preliminary ,766
Departures,03/31/2005 12:00:00 AM,2005,40500,Other,Q1,Actual,767
Departures,03/31/2006 12:00:00 AM,2006,46200,Other,Q1,Actual,768
Departures,03/31/2007 12:00:00 AM,2007,58900,Other,Q1,Actual,769
Departures,03/31/2008 12:00:00 AM,2008,11900,Other,Q1,Actual,770
Departures,03/31/2009 12:00:00 AM,2009*,39400,Other,Q1,Preliminary ,771
Departures,06/30/1991 12:00:00 AM,1991,1200,Other,Q2,Actual,772
Departures,06/30/1992 12:00:00 AM,1992,1500,Other,Q2,Actual,773
Departures,06/30/1993 12:00:00 AM,1993,1500,Other,Q2,Actual,774
Departures,06/30/1994 12:00:00 AM,1994,2200,Other,Q2,Actual,775
Departures,06/30/1995 12:00:00 AM,1995*,1800,Other,Q2,Preliminary ,776
Departures,06/30/1995 12:00:00 AM,1995,4900,Other,Q2,Actual,777
Departures,06/30/1996 12:00:00 AM,1996,5000,Other,Q2,Actual,778
Departures,06/30/1997 12:00:00 AM,1997,4300,Other,Q2,Actual,779
Departures,06/30/1998 12:00:00 AM,1998,4200,Other,Q2,Actual,780
Departures,06/30/1999 12:00:00 AM,1999*,4500,Other,Q2,Preliminary ,781
Departures,06/30/2000 12:00:00 AM,2000,4600,Other,Q2,Actual,782
Departures,06/30/2001 12:00:00 AM,2001,4200,Other,Q2,Actual,783
Departures,06/30/2002 12:00:00 AM,2002,3800,Other,Q2,Actual,784
Departures,06/30/2003 12:00:00 AM,2003,18900,Other,Q2,Actual,785
Departures,06/30/2004 12:00:00 AM,2004*,20400,Other,Q2,Preliminary ,786
Departures,06/30/2005 12:00:00 AM,2005,34700,Other,Q2,Actual,787
Departures,06/30/2006 12:00:00 AM,2006,31400,Other,Q2,Actual,788
Departures,06/30/2007 12:00:00 AM,2007,32600,Other,Q2,Actual,789
Departures,06/30/2008 12:00:00 AM,2008,21600,Other,Q2,Actual,790
Departures,06/30/2009 12:00:00 AM,2009*,23300,Other,Q2,Preliminary ,791
Departures,09/30/1991 12:00:00 AM,1991,2200,Other,Q3,Actual,792
Departures,09/30/1992 12:00:00 AM,1992,2400,Other,Q3,Actual,793
Departures,09/30/1993 12:00:00 AM,1993,2200,Other,Q3,Actual,794
Departures,09/30/1994 12:00:00 AM,1994,2700,Other,Q3,Actual,795
Departures,09/30/1995 12:00:00 AM,1995*,2200,Other,Q3,Preliminary ,796
Departures,03/31/2010 12:00:00 AM,2010,42300,Other,Q1,Actual,797
Departures,09/30/1995 12:00:00 AM,1995,5300,Other,Q3,Actual,798
Departures,06/30/2010 12:00:00 AM,2010,24500,Other,Q2,Actual,799
Departures,09/30/1996 12:00:00 AM,1996,5300,Other,Q3,Actual,800
Departures,09/30/2010 12:00:00 AM,2010,45900,Other,Q3,Actual,801
Departures,09/30/1997 12:00:00 AM,1997,5300,Other,Q3,Actual,802
Departures,12/31/2010 12:00:00 AM,2010,29200,Other,Q4,Actual,803
Departures,09/30/1998 12:00:00 AM,1998,4500,Other,Q3,Actual,804
Departures,03/31/2011 12:00:00 AM,2011,36600,Other,Q1,Actual,805
Departures,09/30/1999 12:00:00 AM,1999*,6600,Other,Q3,Preliminary ,806
Departures,06/30/2011 12:00:00 AM,2011,31900,Other,Q2,Actual,807
Departures,09/30/2000 12:00:00 AM,2000,5600,Other,Q3,Actual,808
Departures,09/30/2011 12:00:00 AM,2011,47100,Other,Q3,Actual,809
Departures,09/30/2001 12:00:00 AM,2001,5100,Other,Q3,Actual,810
Departures,12/31/2011 12:00:00 AM,2011,33400,Other,Q4,Actual,811
Departures,09/30/2002 12:00:00 AM,2002,4400,Other,Q3,Actual,812
Departures,03/31/2012 12:00:00 AM,2012,29200,Other,Q1,Actual,813
Departures,09/30/2003 12:00:00 AM,2003,11600,Other,Q3,Actual,814
Departures,06/30/2012 12:00:00 AM,2012,37000,Other,Q2,Actual,815
Departures,09/30/2004 12:00:00 AM,2004*,12800,Other,Q3,Preliminary ,816
Departures,09/30/2012 12:00:00 AM,2012,49900,Other,Q3,Actual,817
Departures,09/30/2005 12:00:00 AM,2005,43700,Other,Q3,Actual,818
Departures,12/31/2012 12:00:00 AM,2012,28500,Other,Q4,Actual,819
Departures,09/30/2006 12:00:00 AM,2006,45800,Other,Q3,Actual,820
Departures,03/31/2013 12:00:00 AM,2013,33800,Other,Q1,Actual,821
Departures,09/30/2007 12:00:00 AM,2007,48100,Other,Q3,Actual,822
Departures,06/30/2013 12:00:00 AM,2013,26800,Other,Q2,Actual,823
Departures,09/30/2008 12:00:00 AM,2008,15500,Other,Q3,Actual,824
Departures,09/30/2013 12:00:00 AM,2013,44400,Other,Q3,Actual,825
Departures,09/30/2009 12:00:00 AM,2009*,44000,Other,Q3,Preliminary ,826
Departures,12/31/2013 12:00:00 AM,2013,32600,Other,Q4,Actual,827
Departures,12/31/1991 12:00:00 AM,1991,1100,Other,Q4,Actual,828
Departures,12/31/1992 12:00:00 AM,1992,1300,Other,Q4,Actual,829
Departures,12/31/1993 12:00:00 AM,1993,2400,Other,Q4,Actual,830
Departures,12/31/1994 12:00:00 AM,1994,2600,Other,Q4,Actual,831
